time,BinaryProtocol:bytesReadPerSecond,BinaryProtocol:bytesWrittenPerSecond,BinaryProtocol:messagesReadPerSecond,BinaryProtocol:messagesWrittenPerSecond,BinaryProtocol:nBytesRead,BinaryProtocol:nBytesWritten,BinaryProtocol:nEntriesOldVersion,BinaryProtocol:nMessagesRead,BinaryProtocol:nMessagesWritten,BinaryProtocol:nReadNanos,BinaryProtocol:nWriteNanos,Cache:adminBytes,Cache:avgBatchCACHEMODE,Cache:avgBatchCRITICAL,Cache:avgBatchDAEMON,Cache:avgBatchEVICTORTHREAD,Cache:avgBatchMANUAL,Cache:cacheTotalBytes,Cache:dataAdminBytes,Cache:dataBytes,Cache:lockBytes,Cache:nBINDeltasFetchMiss,Cache:nBINsEvictedCACHEMODE,Cache:nBINsEvictedCRITICAL,Cache:nBINsEvictedDAEMON,Cache:nBINsEvictedEVICTORTHREAD,Cache:nBINsEvictedMANUAL,Cache:nBINsFetch,Cache:nBINsFetchMiss,Cache:nBINsMutated,Cache:nBINsStripped,Cache:nBatchesCACHEMODE,Cache:nBatchesCRITICAL,Cache:nBatchesDAEMON,Cache:nBatchesEVICTORTHREAD,Cache:nBatchesMANUAL,Cache:nCachedBINDeltas,Cache:nCachedBINs,Cache:nCachedUpperINs,Cache:nEvictPasses,Cache:nINCompactKey,Cache:nINNoTarget,Cache:nINSparseTarget,Cache:nLNsFetch,Cache:nLNsFetchMiss,Cache:nNodesEvicted,Cache:nNodesScanned,Cache:nNodesSelected,Cache:nRootNodesEvicted,Cache:nSharedCacheEnvironments,Cache:nThreadUnavailable,Cache:nUpperINsEvictedCACHEMODE,Cache:nUpperINsEvictedCRITICAL,Cache:nUpperINsEvictedDAEMON,Cache:nUpperINsEvictedEVICTORTHREAD,Cache:nUpperINsEvictedMANUAL,Cache:nUpperINsFetch,Cache:nUpperINsFetchMiss,Cache:requiredEvictBytes,Cache:sharedCacheTotalBytes,Checkpoints:lastCheckpointEnd,Checkpoints:lastCheckpointId,Checkpoints:lastCheckpointInterval,Checkpoints:lastCheckpointStart,Checkpoints:nCheckpoints,Checkpoints:nDeltaINFlush,Checkpoints:nFullBINFlush,Checkpoints:nFullINFlush,Cleaning:cleanerBackLog,Cleaning:fileDeletionBacklog,Cleaning:lastKnownUtilization,Cleaning:lnSizeCorrectionFactor,Cleaning:nBINDeltasCleaned,Cleaning:nBINDeltasDead,Cleaning:nBINDeltasMigrated,Cleaning:nBINDeltasObsolete,Cleaning:nCleanerDeletions,Cleaning:nCleanerEntriesRead,Cleaning:nCleanerProbeRuns,Cleaning:nCleanerRuns,Cleaning:nClusterLNsProcessed,Cleaning:nINsCleaned,Cleaning:nINsDead,Cleaning:nINsMigrated,Cleaning:nINsObsolete,Cleaning:nLNQueueHits,Cleaning:nLNsCleaned,Cleaning:nLNsDead,Cleaning:nLNsLocked,Cleaning:nLNsMarked,Cleaning:nLNsMigrated,Cleaning:nLNsObsolete,Cleaning:nMarkLNsProcessed,Cleaning:nPendingLNsLocked,Cleaning:nPendingLNsProcessed,Cleaning:nRepeatIteratorReads,Cleaning:nToBeCleanedLNsProcessed,Cleaning:pendingLNQueueSize,Cleaning:totalLogSize,ConsistencyTracker:nLagConsistencyWaitMS,ConsistencyTracker:nLagConsistencyWaits,ConsistencyTracker:nVLSNConsistencyWaitMS,ConsistencyTracker:nVLSNConsistencyWaits,Environment:btreeRelatchesRequired,Environment:environmentCreationTime,FeederManager:nFeedersCreated,FeederManager:nFeedersShutdown,FeederManager:nMaxReplicaLag,FeederManager:nMaxReplicaLagName,FeederTxns:ackWaitMS,FeederTxns:totalTxnMS,FeederTxns:txnsAcked,FeederTxns:txnsNotAcked,I/O:bufferBytes,I/O:endOfLog,I/O:nBytesReadFromWriteQueue,I/O:nBytesWrittenFromWriteQueue,I/O:nCacheMiss,I/O:nFSyncRequests,I/O:nFSyncTime,I/O:nFSyncs,I/O:nFileOpens,I/O:nGroupCommitRequests,I/O:nGroupCommitWaits,I/O:nGrpCommitTimeouts,I/O:nLogBuffers,I/O:nLogFSyncs,I/O:nLogIntervalExceeded,I/O:nLogMaxGroupCommitThreshold,I/O:nNoFreeBuffer,I/O:nNotResident,I/O:nOpenFiles,I/O:nRandomReadBytes,I/O:nRandomReads,I/O:nRandomWriteBytes,I/O:nRandomWrites,I/O:nReadsFromWriteQueue,I/O:nRepeatFaultReads,I/O:nSequentialReadBytes,I/O:nSequentialReads,I/O:nSequentialWriteBytes,I/O:nSequentialWrites,I/O:nTempBufferWrites,I/O:nWriteQueueOverflow,I/O:nWriteQueueOverflowFailures,I/O:nWritesFromWriteQueue,Jvm:PS MarkSweep.count,Jvm:PS MarkSweep.time,Jvm:PS Scavenge.count,Jvm:PS Scavenge.time,Jvm:heap,Jvm:loadAverage,Locks:nLatchAcquireNoWaitUnsuccessful,Locks:nLatchAcquiresNoWaitSuccessful,Locks:nLatchAcquiresNoWaiters,Locks:nLatchAcquiresSelfOwned,Locks:nLatchAcquiresWithContention,Locks:nLatchReleases,Locks:nRequests,Locks:nWaits,Node Compression:cursorsBins,Node Compression:dbClosedBins,Node Compression:inCompQueueSize,Node Compression:nonEmptyBins,Node Compression:processedBins,Node Compression:splitBins,Op:cursorDelete,Op:cursorGetCurrent,Op:cursorGetFirst,Op:cursorGetLast,Op:cursorGetNext,Op:cursorGetNextDup,Op:cursorGetNextNoDup,Op:cursorGetPrev,Op:cursorGetPrevDup,Op:cursorGetPrevNoDup,Op:cursorPut,Op:cursorPutCurrent,Op:cursorPutNoDupData,Op:cursorPutNoOverwrite,Op:dbDelete,Op:dbGet,Op:dbGetSearchBoth,Op:dbPut,Op:dbPutNoDupData,Op:dbPutNoOverWrite,Op:dbRemoveSequence,Op:dosCursorGetNext,Op:secondaryCursorDelete,Op:secondaryCursorGetCurrent,Op:secondaryCursorGetFirst,Op:secondaryCursorGetLast,Op:secondaryCursorGetNext,Op:secondaryCursorGetNextDup,Op:secondaryCursorGetNextNoDup,Op:secondaryCursorGetPrev,Op:secondaryCursorGetPrevDup,Op:secondaryCursorGetPrevNoDup,Op:secondaryDbDelete,Op:secondaryDbGet,Op:secondaryDbGetSearchBoth,Replay:latestCommitLagMs,Replay:maxCommitProcessingNanos,Replay:minCommitProcessingNanos,Replay:nAborts,Replay:nCommitAcks,Replay:nCommitNoSyncs,Replay:nCommitSyncs,Replay:nCommitWriteNoSyncs,Replay:nCommits,Replay:nElapsedTxnTime,Replay:nGroupCommitMaxExceeded,Replay:nGroupCommitTimeouts,Replay:nGroupCommitTxns,Replay:nGroupCommits,Replay:nLNs,Replay:nMessageQueueOverflows,Replay:nNameLNs,Replay:totalCommitLagMs,Replay:totalCommitProcessingNanos,VLSNIndex:nBucketsCreated,VLSNIndex:nHeadBucketsDeleted,VLSNIndex:nHits,VLSNIndex:nMisses,VLSNIndex:nTailBucketsDeleted
2014-08-18 23:50:49.517 UTC, , , , , , , , , , , ,125,0,0,0,0,0,16789845,824,12504,0,0,0,0,0,0,0,3,0,0,0,0,0,0,0,0,0,3,3,0,0,1,5,0,0,0,0,0,0,0,0,0,0,0,0,0,0,0,0,0,1067,1,464,464,1,0,2,4,0,0,49,0,0,0,0,0,0,0,0,0,0,0,0,0,0,0,0,0,0,0,0,0,0,0,0,0,0,0,0, , , , ,0,1408405849112, , , , , , , , ,16777216,0,0,0,0,1,86,1,2,1,0,0,16,2,0,0,0,0,0,0,0,38,1,0,0,4096,1,1080,1,0,0,0,0,2,78,8,59,53357704,-1,0,0,0,0,0,0,5,0,0,0,0,0,0,0,0,0,0,0,0,0,0,0,0,0,0,0,0,0,0,0,0,0,0,0,0,0,0,0,0,0,0,0,0,0,0,0,0,0,0, , , , , , , , , , , , , , , , , , , , , , , , 
2014-08-18 23:51:49.526 UTC,0,0,0,0, , , , , , , ,589,0,0,0,0,0,16828069,3544,48808,1456,0,0,0,0,0,0,110,0,0,0,0,0,0,0,0,0,7,7,0,0,4,8,35,15,0,0,0,0,0,0,0,0,0,0,0,0,0,0,0,1067,1,464,464,0,0,0,0,0,0,49,0,0,0,0,0,0,0,0,0,0,0,0,0,0,0,0,0,0,0,0,0,0,0,0,0,0,0,0,0,0,0,0,0,1408405849112,0,0,0, ,0,0,0,0,16777216,0,0,0,0,4,318,4,2,18,0,0,16,7,0,0,0,15,0,0,0,0,0,0,0,8192,2,180363,21,0,0,0,0,0,0,1,12,62857072,-1,0,0,0,0,0,0,143,0,0,0,0,0,0,0,0,0,0,0,0,0,0,0,0,0,1,0,0,1,0,27,0,15,0,0,0,0,0,0,0,0,0,0,0,0,0,0,0,0,0,0,0,0,0,0,0,0,0,0,0,0,0,0,0,0,0,0,0,0,1,0,0,0,0
2014-08-18 23:52:49.536 UTC,0,0,0,0, , , , , , , ,589,0,0,0,0,0,16828069,3544,48808,1456,0,0,0,0,0,0,0,0,0,0,0,0,0,0,0,0,7,7,0,0,4,8,0,0,0,0,0,0,0,0,0,0,0,0,0,0,0,0,0,1067,1,464,464,0,0,0,0,0,0,49,0,0,0,0,0,0,0,0,0,0,0,0,0,0,0,0,0,0,0,0,0,0,0,0,0,0,0,0,0,0,0,0,0,1408405849112,0,0,0, ,0,0,0,0,16777216,0,0,0,0,0,0,0,0,0,0,0,16,0,0,0,0,0,0,0,0,0,0,0,0,0,0,0,0,0,0,0,0,0,0,0,0,64748552,-1,0,0,0,0,0,0,0,0,0,0,0,0,0,0,0,0,0,0,0,0,0,0,0,0,0,0,0,0,0,0,0,0,0,0,0,0,0,0,0,0,0,0,0,0,0,0,0,0,0,0,0,0,0,0,0,0,0,0,0,0,0,0,0,0,0,0,0,0,0,0,0,0,0
2014-08-18 23:53:49.543 UTC,0,0,0,0, , , , , , , ,589,0,0,0,0,0,16828069,3544,48808,1456,0,0,0,0,0,0,0,0,0,0,0,0,0,0,0,0,7,7,0,0,4,8,0,0,0,0,0,0,0,0,0,0,0,0,0,0,0,0,0,1067,1,464,464,0,0,0,0,0,0,49,0,0,0,0,0,0,0,0,0,0,0,0,0,0,0,0,0,0,0,0,0,0,0,0,0,0,0,0,0,0,0,0,0,1408405849112,0,0,0, ,0,0,0,0,16777216,0,0,0,0,0,0,0,0,0,0,0,16,0,0,0,0,0,0,0,0,0,0,0,0,0,0,0,0,0,0,0,0,0,0,0,0,66486896,-1,0,0,0,0,0,0,0,0,0,0,0,0,0,0,0,0,0,0,0,0,0,0,0,0,0,0,0,0,0,0,0,0,0,0,0,0,0,0,0,0,0,0,0,0,0,0,0,0,0,0,0,0,0,0,0,0,0,0,0,0,0,0,0,0,0,0,0,0,0,0,0,0,0
2014-08-18 23:54:49.551 UTC,0,0,0,0, , , , , , , ,589,0,0,0,0,0,16828069,3544,48808,1456,0,0,0,0,0,0,0,0,0,0,0,0,0,0,0,0,7,7,0,0,4,8,0,0,0,0,0,0,0,0,0,0,0,0,0,0,0,0,0,1067,1,464,464,0,0,0,0,0,0,49,0,0,0,0,0,0,0,0,0,0,0,0,0,0,0,0,0,0,0,0,0,0,0,0,0,0,0,0,0,0,0,0,0,1408405849112,0,0,0, ,0,0,0,0,16777216,0,0,0,0,0,0,0,0,0,0,0,16,0,0,0,0,0,0,0,0,0,0,0,0,0,0,0,0,0,0,0,0,0,0,0,0,68074944,-1,0,0,0,0,0,0,0,0,0,0,0,0,0,0,0,0,0,0,0,0,0,0,0,0,0,0,0,0,0,0,0,0,0,0,0,0,0,0,0,0,0,0,0,0,0,0,0,0,0,0,0,0,0,0,0,0,0,0,0,0,0,0,0,0,0,0,0,0,0,0,0,0,0
2014-08-18 23:55:49.557 UTC,0,0,0,0, , , , , , , ,589,0,0,0,0,0,16828069,3544,48808,1456,0,0,0,0,0,0,0,0,0,0,0,0,0,0,0,0,7,7,0,0,4,8,0,0,0,0,0,0,0,0,0,0,0,0,0,0,0,0,0,1067,1,464,464,0,0,0,0,0,0,49,0,0,0,0,0,0,0,0,0,0,0,0,0,0,0,0,0,0,0,0,0,0,0,0,0,0,0,0,0,0,0,0,0,1408405849112,0,0,0, ,0,0,0,0,16777216,0,0,0,0,0,0,0,0,0,0,0,16,1,0,0,0,0,0,0,0,0,0,0,0,0,0,0,0,0,0,0,0,0,0,0,0,70642824,-1,0,0,0,0,0,0,0,0,0,0,0,0,0,0,0,0,0,0,0,0,0,0,0,0,0,0,0,0,0,0,0,0,0,0,0,0,0,0,0,0,0,0,0,0,0,0,0,0,0,0,0,0,0,0,0,0,0,0,0,0,0,0,0,0,0,0,0,0,0,0,0,0,0
2014-08-18 23:56:49.565 UTC,0,0,0,0, , , , , , , ,589,0,0,0,0,0,16828069,3544,48808,1456,0,0,0,0,0,0,0,0,0,0,0,0,0,0,0,0,7,7,0,0,4,8,0,0,0,0,0,0,0,0,0,0,0,0,0,0,0,0,0,1067,1,464,464,0,0,0,0,0,0,49,0,0,0,0,0,0,0,0,0,0,0,0,0,0,0,0,0,0,0,0,0,0,0,0,0,0,0,0,0,0,0,0,0,1408405849112,0,0,0, ,0,0,0,0,16777216,0,0,0,0,0,0,0,0,0,0,0,16,0,0,0,0,0,0,0,0,0,0,0,0,0,0,0,0,0,0,0,0,0,0,0,0,72160600,-1,0,0,0,0,0,0,0,0,0,0,0,0,0,0,0,0,0,0,0,0,0,0,0,0,0,0,0,0,0,0,0,0,0,0,0,0,0,0,0,0,0,0,0,0,0,0,0,0,0,0,0,0,0,0,0,0,0,0,0,0,0,0,0,0,0,0,0,0,0,0,0,0,0
2014-08-18 23:57:49.572 UTC,0,0,0,0, , , , , , , ,589,0,0,0,0,0,16828069,3544,48808,1456,0,0,0,0,0,0,0,0,0,0,0,0,0,0,0,0,7,7,0,0,4,8,0,0,0,0,0,0,0,0,0,0,0,0,0,0,0,0,0,1067,1,464,464,0,0,0,0,0,0,49,0,0,0,0,0,0,0,0,0,0,0,0,0,0,0,0,0,0,0,0,0,0,0,0,0,0,0,0,0,0,0,0,0,1408405849112,0,0,0, ,0,0,0,0,16777216,0,0,0,0,0,0,0,0,0,0,0,16,0,0,0,0,0,0,0,0,0,0,0,0,0,0,0,0,0,0,0,0,0,0,0,0,73711136,-1,0,0,0,0,0,0,0,0,0,0,0,0,0,0,0,0,0,0,0,0,0,0,0,0,0,0,0,0,0,0,0,0,0,0,0,0,0,0,0,0,0,0,0,0,0,0,0,0,0,0,0,0,0,0,0,0,0,0,0,0,0,0,0,0,0,0,0,0,0,0,0,0,0
2014-08-18 23:58:49.578 UTC,0,0,0,0, , , , , , , ,589,0,0,0,0,0,16828069,3544,48808,1456,0,0,0,0,0,0,0,0,0,0,0,0,0,0,0,0,7,7,0,0,4,8,0,0,0,0,0,0,0,0,0,0,0,0,0,0,0,0,0,1067,1,464,464,0,0,0,0,0,0,49,0,0,0,0,0,0,0,0,0,0,0,0,0,0,0,0,0,0,0,0,0,0,0,0,0,0,0,0,0,0,0,0,0,1408405849112,0,0,0, ,0,0,0,0,16777216,0,0,0,0,0,0,0,0,0,0,0,16,0,0,0,0,0,0,0,0,0,0,0,0,0,0,0,0,0,0,0,0,0,0,0,0,75359656,-1,0,0,0,0,0,0,0,0,0,0,0,0,0,0,0,0,0,0,0,0,0,0,0,0,0,0,0,0,0,0,0,0,0,0,0,0,0,0,0,0,0,0,0,0,0,0,0,0,0,0,0,0,0,0,0,0,0,0,0,0,0,0,0,0,0,0,0,0,0,0,0,0,0
2014-08-18 23:59:49.591 UTC,0,0,0,0, , , , , , , ,589,0,0,0,0,0,16828069,3544,48808,1456,0,0,0,0,0,0,0,0,0,0,0,0,0,0,0,0,7,7,0,0,4,8,0,0,0,0,0,0,0,0,0,0,0,0,0,0,0,0,0,1067,1,464,464,0,0,0,0,0,0,49,0,0,0,0,0,0,0,0,0,0,0,0,0,0,0,0,0,0,0,0,0,0,0,0,0,0,0,0,0,0,0,0,0,1408405849112,0,0,0, ,0,0,0,0,16777216,0,0,0,0,0,0,0,0,0,0,0,16,0,0,0,0,0,0,0,0,0,0,0,0,0,0,0,0,0,0,0,0,0,0,1,31,53135272,-1,0,0,0,0,0,0,0,0,0,0,0,0,0,0,0,0,0,0,0,0,0,0,0,0,0,0,0,0,0,0,0,0,0,0,0,0,0,0,0,0,0,0,0,0,0,0,0,0,0,0,0,0,0,0,0,0,0,0,0,0,0,0,0,0,0,0,0,0,0,0,0,0,0
2014-08-19 00:00:49.596 UTC,0,0,0,0, , , , , , , ,589,0,0,0,0,0,16828069,3544,48808,1456,0,0,0,0,0,0,0,0,0,0,0,0,0,0,0,0,7,7,0,0,4,8,0,0,0,0,0,0,0,0,0,0,0,0,0,0,0,0,0,1067,1,464,464,0,0,0,0,0,0,49,0,0,0,0,0,0,0,0,0,0,0,0,0,0,0,0,0,0,0,0,0,0,0,0,0,0,0,0,0,0,0,0,0,1408405849112,0,0,0, ,0,0,0,0,16777216,0,0,0,0,0,0,0,0,0,0,0,16,0,0,0,0,0,0,0,0,0,0,0,0,0,0,0,0,0,0,0,0,0,0,0,0,56183288,-1,0,0,0,0,0,0,0,0,0,0,0,0,0,0,0,0,0,0,0,0,0,0,0,0,0,0,0,0,0,0,0,0,0,0,0,0,0,0,0,0,0,0,0,0,0,0,0,0,0,0,0,0,0,0,0,0,0,0,0,0,0,0,0,0,0,0,0,0,0,0,0,0,0
2014-08-19 00:01:49.603 UTC,0,0,0,0, , , , , , , ,589,0,0,0,0,0,16828069,3544,48808,1456,0,0,0,0,0,0,0,0,0,0,0,0,0,0,0,0,7,7,0,0,4,8,0,0,0,0,0,0,0,0,0,0,0,0,0,0,0,0,0,1067,1,464,464,0,0,0,0,0,0,49,0,0,0,0,0,0,0,0,0,0,0,0,0,0,0,0,0,0,0,0,0,0,0,0,0,0,0,0,0,0,0,0,0,1408405849112,0,0,0, ,0,0,0,0,16777216,0,0,0,0,0,0,0,0,0,0,0,16,0,0,0,0,0,0,0,0,0,0,0,0,0,0,0,0,0,0,0,0,0,0,0,0,57536728,-1,0,0,0,0,0,0,0,0,0,0,0,0,0,0,0,0,0,0,0,0,0,0,0,0,0,0,0,0,0,0,0,0,0,0,0,0,0,0,0,0,0,0,0,0,0,0,0,0,0,0,0,0,0,0,0,0,0,0,0,0,0,0,0,0,0,0,0,0,0,0,0,0,0
2014-08-19 00:02:49.608 UTC,0,0,0,0, , , , , , , ,589,0,0,0,0,0,16828069,3544,48808,1456,0,0,0,0,0,0,0,0,0,0,0,0,0,0,0,0,7,7,0,0,4,8,0,0,0,0,0,0,0,0,0,0,0,0,0,0,0,0,0,1067,1,464,464,0,0,0,0,0,0,49,0,0,0,0,0,0,0,0,0,0,0,0,0,0,0,0,0,0,0,0,0,0,0,0,0,0,0,0,0,0,0,0,0,1408405849112,0,0,0, ,0,0,0,0,16777216,0,0,0,0,0,0,0,0,0,0,0,16,0,0,0,0,0,0,0,0,0,0,0,0,0,0,0,0,0,0,0,0,0,0,0,0,59121168,-1,0,0,0,0,0,0,0,0,0,0,0,0,0,0,0,0,0,0,0,0,0,0,0,0,0,0,0,0,0,0,0,0,0,0,0,0,0,0,0,0,0,0,0,0,0,0,0,0,0,0,0,0,0,0,0,0,0,0,0,0,0,0,0,0,0,0,0,0,0,0,0,0,0
2014-08-19 00:03:49.614 UTC,0,0,0,0, , , , , , , ,589,0,0,0,0,0,16828069,3544,48808,1456,0,0,0,0,0,0,0,0,0,0,0,0,0,0,0,0,7,7,0,0,4,8,0,0,0,0,0,0,0,0,0,0,0,0,0,0,0,0,0,1067,1,464,464,0,0,0,0,0,0,49,0,0,0,0,0,0,0,0,0,0,0,0,0,0,0,0,0,0,0,0,0,0,0,0,0,0,0,0,0,0,0,0,0,1408405849112,0,0,0, ,0,0,0,0,16777216,0,0,0,0,0,0,0,0,0,0,0,16,0,0,0,0,0,0,0,0,0,0,0,0,0,0,0,0,0,0,0,0,0,0,0,0,60739112,-1,0,0,0,0,0,0,0,0,0,0,0,0,0,0,0,0,0,0,0,0,0,0,0,0,0,0,0,0,0,0,0,0,0,0,0,0,0,0,0,0,0,0,0,0,0,0,0,0,0,0,0,0,0,0,0,0,0,0,0,0,0,0,0,0,0,0,0,0,0,0,0,0,0
2014-08-19 00:04:49.619 UTC,0,0,0,0, , , , , , , ,589,0,0,0,0,0,16828069,3544,48808,1456,0,0,0,0,0,0,0,0,0,0,0,0,0,0,0,0,7,7,0,0,4,8,0,0,0,0,0,0,0,0,0,0,0,0,0,0,0,0,0,1067,1,464,464,0,0,0,0,0,0,49,0,0,0,0,0,0,0,0,0,0,0,0,0,0,0,0,0,0,0,0,0,0,0,0,0,0,0,0,0,0,0,0,0,1408405849112,0,0,0, ,0,0,0,0,16777216,0,0,0,0,0,0,0,0,0,0,0,16,0,0,0,0,0,0,0,0,0,0,0,0,0,0,0,0,0,0,0,0,0,0,0,0,62363032,-1,0,0,0,0,0,0,0,0,0,0,0,0,0,0,0,0,0,0,0,0,0,0,0,0,0,0,0,0,0,0,0,0,0,0,0,0,0,0,0,0,0,0,0,0,0,0,0,0,0,0,0,0,0,0,0,0,0,0,0,0,0,0,0,0,0,0,0,0,0,0,0,0,0
2014-08-19 00:05:49.626 UTC,0,0,0,0, , , , , , , ,589,0,0,0,0,0,16828069,3544,48808,1456,0,0,0,0,0,0,0,0,0,0,0,0,0,0,0,0,7,7,0,0,4,8,0,0,0,0,0,0,0,0,0,0,0,0,0,0,0,0,0,1067,1,464,464,0,0,0,0,0,0,49,0,0,0,0,0,0,0,0,0,0,0,0,0,0,0,0,0,0,0,0,0,0,0,0,0,0,0,0,0,0,0,0,0,1408405849112,0,0,0, ,0,0,0,0,16777216,0,0,0,0,0,0,0,0,0,0,0,16,0,0,0,0,0,0,0,0,0,0,0,0,0,0,0,0,0,0,0,0,0,0,0,0,64329448,-1,0,0,0,0,0,0,0,0,0,0,0,0,0,0,0,0,0,0,0,0,0,0,0,0,0,0,0,0,0,0,0,0,0,0,0,0,0,0,0,0,0,0,0,0,0,0,0,0,0,0,0,0,0,0,0,0,0,0,0,0,0,0,0,0,0,0,0,0,0,0,0,0,0
2014-08-19 00:06:49.634 UTC,0,0,0,0, , , , , , , ,589,0,0,0,0,0,16828069,3544,48808,1456,0,0,0,0,0,0,0,0,0,0,0,0,0,0,0,0,7,7,0,0,4,8,0,0,0,0,0,0,0,0,0,0,0,0,0,0,0,0,0,1067,1,464,464,0,0,0,0,0,0,49,0,0,0,0,0,0,0,0,0,0,0,0,0,0,0,0,0,0,0,0,0,0,0,0,0,0,0,0,0,0,0,0,0,1408405849112,0,0,0, ,0,0,0,0,16777216,0,0,0,0,0,0,0,0,0,0,0,16,0,0,0,0,0,0,0,0,0,0,0,0,0,0,0,0,0,0,0,0,0,0,0,0,65731752,-1,0,0,0,0,0,0,0,0,0,0,0,0,0,0,0,0,0,0,0,0,0,0,0,0,0,0,0,0,0,0,0,0,0,0,0,0,0,0,0,0,0,0,0,0,0,0,0,0,0,0,0,0,0,0,0,0,0,0,0,0,0,0,0,0,0,0,0,0,0,0,0,0,0
2014-08-19 00:07:49.641 UTC,0,0,0,0, , , , , , , ,589,0,0,0,0,0,16828069,3544,48808,1456,0,0,0,0,0,0,0,0,0,0,0,0,0,0,0,0,7,7,0,0,4,8,0,0,0,0,0,0,0,0,0,0,0,0,0,0,0,0,0,1067,1,464,464,0,0,0,0,0,0,49,0,0,0,0,0,0,0,0,0,0,0,0,0,0,0,0,0,0,0,0,0,0,0,0,0,0,0,0,0,0,0,0,0,1408405849112,0,0,0, ,0,0,0,0,16777216,0,0,0,0,0,0,0,0,0,0,0,16,0,0,0,0,0,0,0,0,0,0,0,0,0,0,0,0,0,0,0,0,0,0,0,0,67332296,-1,0,0,0,0,0,0,0,0,0,0,0,0,0,0,0,0,0,0,0,0,0,0,0,0,0,0,0,0,0,0,0,0,0,0,0,0,0,0,0,0,0,0,0,0,0,0,0,0,0,0,0,0,0,0,0,0,0,0,0,0,0,0,0,0,0,0,0,0,0,0,0,0,0
2014-08-19 00:08:49.646 UTC,0,0,0,0, , , , , , , ,589,0,0,0,0,0,16828069,3544,48808,1456,0,0,0,0,0,0,0,0,0,0,0,0,0,0,0,0,7,7,0,0,4,8,0,0,0,0,0,0,0,0,0,0,0,0,0,0,0,0,0,1067,1,464,464,0,0,0,0,0,0,49,0,0,0,0,0,0,0,0,0,0,0,0,0,0,0,0,0,0,0,0,0,0,0,0,0,0,0,0,0,0,0,0,0,1408405849112,0,0,0, ,0,0,0,0,16777216,0,0,0,0,0,0,0,0,0,0,0,16,0,0,0,0,0,0,0,0,0,0,0,0,0,0,0,0,0,0,0,0,0,0,0,0,69038184,-1,0,0,0,0,0,0,0,0,0,0,0,0,0,0,0,0,0,0,0,0,0,0,0,0,0,0,0,0,0,0,0,0,0,0,0,0,0,0,0,0,0,0,0,0,0,0,0,0,0,0,0,0,0,0,0,0,0,0,0,0,0,0,0,0,0,0,0,0,0,0,0,0,0
2014-08-19 00:09:49.651 UTC,0,0,0,0, , , , , , , ,589,0,0,0,0,0,16828069,3544,48808,1456,0,0,0,0,0,0,0,0,0,0,0,0,0,0,0,0,7,7,0,0,4,8,0,0,0,0,0,0,0,0,0,0,0,0,0,0,0,0,0,1067,1,464,464,0,0,0,0,0,0,49,0,0,0,0,0,0,0,0,0,0,0,0,0,0,0,0,0,0,0,0,0,0,0,0,0,0,0,0,0,0,0,0,0,1408405849112,0,0,0, ,0,0,0,0,16777216,0,0,0,0,0,0,0,0,0,0,0,16,0,0,0,0,0,0,0,0,0,0,0,0,0,0,0,0,0,0,0,0,0,0,0,0,70519824,-1,0,0,0,0,0,0,0,0,0,0,0,0,0,0,0,0,0,0,0,0,0,0,0,0,0,0,0,0,0,0,0,0,0,0,0,0,0,0,0,0,0,0,0,0,0,0,0,0,0,0,0,0,0,0,0,0,0,0,0,0,0,0,0,0,0,0,0,0,0,0,0,0,0
2014-08-19 00:10:49.660 UTC,0,0,0,0, , , , , , , ,589,0,0,0,0,0,16828069,3544,48808,1456,0,0,0,0,0,0,0,0,0,0,0,0,0,0,0,0,7,7,0,0,4,8,0,0,0,0,0,0,0,0,0,0,0,0,0,0,0,0,0,1067,1,464,464,0,0,0,0,0,0,49,0,0,0,0,0,0,0,0,0,0,0,0,0,0,0,0,0,0,0,0,0,0,0,0,0,0,0,0,0,0,0,0,0,1408405849112,0,0,0, ,0,0,0,0,16777216,0,0,0,0,0,0,0,0,0,0,0,16,0,0,0,0,0,0,0,0,0,0,0,0,0,0,0,0,0,0,0,0,0,0,0,0,72490232,-1,0,0,0,0,0,0,0,0,0,0,0,0,0,0,0,0,0,0,0,0,0,0,0,0,0,0,0,0,0,0,0,0,0,0,0,0,0,0,0,0,0,0,0,0,0,0,0,0,0,0,0,0,0,0,0,0,0,0,0,0,0,0,0,0,0,0,0,0,0,0,0,0,0
2014-08-19 00:11:49.665 UTC,0,0,0,0, , , , , , , ,589,0,0,0,0,0,16828069,3544,48808,1456,0,0,0,0,0,0,0,0,0,0,0,0,0,0,0,0,7,7,0,0,4,8,0,0,0,0,0,0,0,0,0,0,0,0,0,0,0,0,0,1067,1,464,464,0,0,0,0,0,0,49,0,0,0,0,0,0,0,0,0,0,0,0,0,0,0,0,0,0,0,0,0,0,0,0,0,0,0,0,0,0,0,0,0,1408405849112,0,0,0, ,0,0,0,0,16777216,0,0,0,0,0,0,0,0,0,0,0,16,0,0,0,0,0,0,0,0,0,0,0,0,0,0,0,0,0,0,0,0,0,0,0,0,73914312,-1,0,0,0,0,0,0,0,0,0,0,0,0,0,0,0,0,0,0,0,0,0,0,0,0,0,0,0,0,0,0,0,0,0,0,0,0,0,0,0,0,0,0,0,0,0,0,0,0,0,0,0,0,0,0,0,0,0,0,0,0,0,0,0,0,0,0,0,0,0,0,0,0,0
2014-08-19 00:12:49.671 UTC,0,0,0,0, , , , , , , ,589,0,0,0,0,0,16828069,3544,48808,1456,0,0,0,0,0,0,0,0,0,0,0,0,0,0,0,0,7,7,0,0,4,8,0,0,0,0,0,0,0,0,0,0,0,0,0,0,0,0,0,1067,1,464,464,0,0,0,0,0,0,49,0,0,0,0,0,0,0,0,0,0,0,0,0,0,0,0,0,0,0,0,0,0,0,0,0,0,0,0,0,0,0,0,0,1408405849112,0,0,0, ,0,0,0,0,16777216,0,0,0,0,0,0,0,0,0,0,0,16,0,0,0,0,0,0,0,0,0,0,0,0,0,0,0,0,0,0,0,0,0,0,0,0,76073504,-1,0,0,0,0,0,0,0,0,0,0,0,0,0,0,0,0,0,0,0,0,0,0,0,0,0,0,0,0,0,0,0,0,0,0,0,0,0,0,0,0,0,0,0,0,0,0,0,0,0,0,0,0,0,0,0,0,0,0,0,0,0,0,0,0,0,0,0,0,0,0,0,0,0
2014-08-19 00:13:49.676 UTC,0,0,0,0, , , , , , , ,589,0,0,0,0,0,16828069,3544,48808,1456,0,0,0,0,0,0,0,0,0,0,0,0,0,0,0,0,7,7,0,0,4,8,0,0,0,0,0,0,0,0,0,0,0,0,0,0,0,0,0,1067,1,464,464,0,0,0,0,0,0,49,0,0,0,0,0,0,0,0,0,0,0,0,0,0,0,0,0,0,0,0,0,0,0,0,0,0,0,0,0,0,0,0,0,1408405849112,0,0,0, ,0,0,0,0,16777216,0,0,0,0,0,0,0,0,0,0,0,16,0,0,0,0,0,0,0,0,0,0,0,0,0,0,0,0,0,0,0,0,0,0,0,0,77502528,-1,0,0,0,0,0,0,0,0,0,0,0,0,0,0,0,0,0,0,0,0,0,0,0,0,0,0,0,0,0,0,0,0,0,0,0,0,0,0,0,0,0,0,0,0,0,0,0,0,0,0,0,0,0,0,0,0,0,0,0,0,0,0,0,0,0,0,0,0,0,0,0,0,0
2014-08-19 00:14:49.680 UTC,0,0,0,0, , , , , , , ,589,0,0,0,0,0,16828069,3544,48808,1456,0,0,0,0,0,0,0,0,0,0,0,0,0,0,0,0,7,7,0,0,4,8,0,0,0,0,0,0,0,0,0,0,0,0,0,0,0,0,0,1067,1,464,464,0,0,0,0,0,0,49,0,0,0,0,0,0,0,0,0,0,0,0,0,0,0,0,0,0,0,0,0,0,0,0,0,0,0,0,0,0,0,0,0,1408405849112,0,0,0, ,0,0,0,0,16777216,0,0,0,0,0,0,0,0,0,0,0,16,0,0,0,0,0,0,0,0,0,0,0,0,0,0,0,0,0,0,0,0,0,0,0,0,79310576,-1,0,0,0,0,0,0,0,0,0,0,0,0,0,0,0,0,0,0,0,0,0,0,0,0,0,0,0,0,0,0,0,0,0,0,0,0,0,0,0,0,0,0,0,0,0,0,0,0,0,0,0,0,0,0,0,0,0,0,0,0,0,0,0,0,0,0,0,0,0,0,0,0,0
2014-08-19 00:15:49.686 UTC,0,0,0,0, , , , , , , ,589,0,0,0,0,0,16828069,3544,48808,1456,0,0,0,0,0,0,0,0,0,0,0,0,0,0,0,0,7,7,0,0,4,8,0,0,0,0,0,0,0,0,0,0,0,0,0,0,0,0,0,1067,1,464,464,0,0,0,0,0,0,49,0,0,0,0,0,0,0,0,0,0,0,0,0,0,0,0,0,0,0,0,0,0,0,0,0,0,0,0,0,0,0,0,0,1408405849112,0,0,0, ,0,0,0,0,16777216,0,0,0,0,0,0,0,0,0,0,0,16,0,0,0,0,0,0,0,0,0,0,0,0,0,0,0,0,0,0,0,0,0,0,0,0,81406928,-1,0,0,0,0,0,0,0,0,0,0,0,0,0,0,0,0,0,0,0,0,0,0,0,0,0,0,0,0,0,0,0,0,0,0,0,0,0,0,0,0,0,0,0,0,0,0,0,0,0,0,0,0,0,0,0,0,0,0,0,0,0,0,0,0,0,0,0,0,0,0,0,0,0
2014-08-19 00:16:49.691 UTC,0,0,0,0, , , , , , , ,589,0,0,0,0,0,16828069,3544,48808,1456,0,0,0,0,0,0,0,0,0,0,0,0,0,0,0,0,7,7,0,0,4,8,0,0,0,0,0,0,0,0,0,0,0,0,0,0,0,0,0,1067,1,464,464,0,0,0,0,0,0,49,0,0,0,0,0,0,0,0,0,0,0,0,0,0,0,0,0,0,0,0,0,0,0,0,0,0,0,0,0,0,0,0,0,1408405849112,0,0,0, ,0,0,0,0,16777216,0,0,0,0,0,0,0,0,0,0,0,16,0,0,0,0,0,0,0,0,0,0,0,0,0,0,0,0,0,0,0,0,0,0,0,0,82789792,-1,0,0,0,0,0,0,0,0,0,0,0,0,0,0,0,0,0,0,0,0,0,0,0,0,0,0,0,0,0,0,0,0,0,0,0,0,0,0,0,0,0,0,0,0,0,0,0,0,0,0,0,0,0,0,0,0,0,0,0,0,0,0,0,0,0,0,0,0,0,0,0,0,0
2014-08-19 00:17:49.696 UTC,0,0,0,0, , , , , , , ,589,0,0,0,0,0,16828069,3544,48808,1456,0,0,0,0,0,0,0,0,0,0,0,0,0,0,0,0,7,7,0,0,4,8,0,0,0,0,0,0,0,0,0,0,0,0,0,0,0,0,0,1067,1,464,464,0,0,0,0,0,0,49,0,0,0,0,0,0,0,0,0,0,0,0,0,0,0,0,0,0,0,0,0,0,0,0,0,0,0,0,0,0,0,0,0,1408405849112,0,0,0, ,0,0,0,0,16777216,0,0,0,0,0,0,0,0,0,0,0,16,0,0,0,0,0,0,0,0,0,0,0,0,0,0,0,0,0,0,0,0,0,0,0,0,84405184,-1,0,0,0,0,0,0,0,0,0,0,0,0,0,0,0,0,0,0,0,0,0,0,0,0,0,0,0,0,0,0,0,0,0,0,0,0,0,0,0,0,0,0,0,0,0,0,0,0,0,0,0,0,0,0,0,0,0,0,0,0,0,0,0,0,0,0,0,0,0,0,0,0,0
2014-08-19 00:18:49.700 UTC,0,0,0,0, , , , , , , ,589,0,0,0,0,0,16828069,3544,48808,1456,0,0,0,0,0,0,0,0,0,0,0,0,0,0,0,0,7,7,0,0,4,8,0,0,0,0,0,0,0,0,0,0,0,0,0,0,0,0,0,1067,1,464,464,0,0,0,0,0,0,49,0,0,0,0,0,0,0,0,0,0,0,0,0,0,0,0,0,0,0,0,0,0,0,0,0,0,0,0,0,0,0,0,0,1408405849112,0,0,0, ,0,0,0,0,16777216,0,0,0,0,0,0,0,0,0,0,0,16,0,0,0,0,0,0,0,0,0,0,0,0,0,0,0,0,0,0,0,0,0,0,1,18,52559784,-1,0,0,0,0,0,0,0,0,0,0,0,0,0,0,0,0,0,0,0,0,0,0,0,0,0,0,0,0,0,0,0,0,0,0,0,0,0,0,0,0,0,0,0,0,0,0,0,0,0,0,0,0,0,0,0,0,0,0,0,0,0,0,0,0,0,0,0,0,0,0,0,0,0
2014-08-19 00:19:49.705 UTC,0,0,0,0, , , , , , , ,589,0,0,0,0,0,16828069,3544,48808,1456,0,0,0,0,0,0,0,0,0,0,0,0,0,0,0,0,7,7,0,0,4,8,0,0,0,0,0,0,0,0,0,0,0,0,0,0,0,0,0,1067,1,464,464,0,0,0,0,0,0,49,0,0,0,0,0,0,0,0,0,0,0,0,0,0,0,0,0,0,0,0,0,0,0,0,0,0,0,0,0,0,0,0,0,1408405849112,0,0,0, ,0,0,0,0,16777216,0,0,0,0,0,0,0,0,0,0,0,16,0,0,0,0,0,0,0,0,0,0,0,0,0,0,0,0,0,0,0,0,0,0,0,0,54254992,-1,0,0,0,0,0,0,0,0,0,0,0,0,0,0,0,0,0,0,0,0,0,0,0,0,0,0,0,0,0,0,0,0,0,0,0,0,0,0,0,0,0,0,0,0,0,0,0,0,0,0,0,0,0,0,0,0,0,0,0,0,0,0,0,0,0,0,0,0,0,0,0,0,0
2014-08-19 00:20:49.711 UTC,0,0,0,0, , , , , , , ,589,0,0,0,0,0,16828069,3544,48808,1456,0,0,0,0,0,0,0,0,0,0,0,0,0,0,0,0,7,7,0,0,4,8,0,0,0,0,0,0,0,0,0,0,0,0,0,0,0,0,0,1067,1,464,464,0,0,0,0,0,0,49,0,0,0,0,0,0,0,0,0,0,0,0,0,0,0,0,0,0,0,0,0,0,0,0,0,0,0,0,0,0,0,0,0,1408405849112,0,0,0, ,0,0,0,0,16777216,0,0,0,0,0,0,0,0,0,0,0,16,0,0,0,0,0,0,0,0,0,0,0,0,0,0,0,0,0,0,0,0,0,0,0,0,56538728,-1,0,0,0,0,0,0,0,0,0,0,0,0,0,0,0,0,0,0,0,0,0,0,0,0,0,0,0,0,0,0,0,0,0,0,0,0,0,0,0,0,0,0,0,0,0,0,0,0,0,0,0,0,0,0,0,0,0,0,0,0,0,0,0,0,0,0,0,0,0,0,0,0,0
2014-08-19 00:21:49.716 UTC,0,0,0,0, , , , , , , ,589,0,0,0,0,0,16828069,3544,48808,1456,0,0,0,0,0,0,0,0,0,0,0,0,0,0,0,0,7,7,0,0,4,8,0,0,0,0,0,0,0,0,0,0,0,0,0,0,0,0,0,1067,1,464,464,0,0,0,0,0,0,49,0,0,0,0,0,0,0,0,0,0,0,0,0,0,0,0,0,0,0,0,0,0,0,0,0,0,0,0,0,0,0,0,0,1408405849112,0,0,0, ,0,0,0,0,16777216,0,0,0,0,0,0,0,0,0,0,0,16,0,0,0,0,0,0,0,0,0,0,0,0,0,0,0,0,0,0,0,0,0,0,0,0,57847528,-1,0,0,0,0,0,0,0,0,0,0,0,0,0,0,0,0,0,0,0,0,0,0,0,0,0,0,0,0,0,0,0,0,0,0,0,0,0,0,0,0,0,0,0,0,0,0,0,0,0,0,0,0,0,0,0,0,0,0,0,0,0,0,0,0,0,0,0,0,0,0,0,0,0
2014-08-19 00:22:49.722 UTC,0,0,0,0, , , , , , , ,589,0,0,0,0,0,16828069,3544,48808,1456,0,0,0,0,0,0,0,0,0,0,0,0,0,0,0,0,7,7,0,0,4,8,0,0,0,0,0,0,0,0,0,0,0,0,0,0,0,0,0,1067,1,464,464,0,0,0,0,0,0,49,0,0,0,0,0,0,0,0,0,0,0,0,0,0,0,0,0,0,0,0,0,0,0,0,0,0,0,0,0,0,0,0,0,1408405849112,0,0,0, ,0,0,0,0,16777216,0,0,0,0,0,0,0,0,0,0,0,16,0,0,0,0,0,0,0,0,0,0,0,0,0,0,0,0,0,0,0,0,0,0,0,0,59387456,-1,0,0,0,0,0,0,0,0,0,0,0,0,0,0,0,0,0,0,0,0,0,0,0,0,0,0,0,0,0,0,0,0,0,0,0,0,0,0,0,0,0,0,0,0,0,0,0,0,0,0,0,0,0,0,0,0,0,0,0,0,0,0,0,0,0,0,0,0,0,0,0,0,0
2014-08-19 00:23:49.727 UTC,0,0,0,0, , , , , , , ,589,0,0,0,0,0,16828069,3544,48808,1456,0,0,0,0,0,0,0,0,0,0,0,0,0,0,0,0,7,7,0,0,4,8,0,0,0,0,0,0,0,0,0,0,0,0,0,0,0,0,0,1067,1,464,464,0,0,0,0,0,0,49,0,0,0,0,0,0,0,0,0,0,0,0,0,0,0,0,0,0,0,0,0,0,0,0,0,0,0,0,0,0,0,0,0,1408405849112,0,0,0, ,0,0,0,0,16777216,0,0,0,0,0,0,0,0,0,0,0,16,0,0,0,0,0,0,0,0,0,0,0,0,0,0,0,0,0,0,0,0,0,0,0,0,61040536,-1,0,0,0,0,0,0,0,0,0,0,0,0,0,0,0,0,0,0,0,0,0,0,0,0,0,0,0,0,0,0,0,0,0,0,0,0,0,0,0,0,0,0,0,0,0,0,0,0,0,0,0,0,0,0,0,0,0,0,0,0,0,0,0,0,0,0,0,0,0,0,0,0,0
2014-08-19 00:24:49.733 UTC,0,0,0,0, , , , , , , ,589,0,0,0,0,0,16828069,3544,48808,1456,0,0,0,0,0,0,0,0,0,0,0,0,0,0,0,0,7,7,0,0,4,8,0,0,0,0,0,0,0,0,0,0,0,0,0,0,0,0,0,1067,1,464,464,0,0,0,0,0,0,49,0,0,0,0,0,0,0,0,0,0,0,0,0,0,0,0,0,0,0,0,0,0,0,0,0,0,0,0,0,0,0,0,0,1408405849112,0,0,0, ,0,0,0,0,16777216,0,0,0,0,0,0,0,0,0,0,0,16,0,0,0,0,0,0,0,0,0,0,0,0,0,0,0,0,0,0,0,0,0,0,0,0,62556192,-1,0,0,0,0,0,0,0,0,0,0,0,0,0,0,0,0,0,0,0,0,0,0,0,0,0,0,0,0,0,0,0,0,0,0,0,0,0,0,0,0,0,0,0,0,0,0,0,0,0,0,0,0,0,0,0,0,0,0,0,0,0,0,0,0,0,0,0,0,0,0,0,0,0
2014-08-19 00:25:49.738 UTC,0,0,0,0, , , , , , , ,589,0,0,0,0,0,16828069,3544,48808,1456,0,0,0,0,0,0,0,0,0,0,0,0,0,0,0,0,7,7,0,0,4,8,0,0,0,0,0,0,0,0,0,0,0,0,0,0,0,0,0,1067,1,464,464,0,0,0,0,0,0,49,0,0,0,0,0,0,0,0,0,0,0,0,0,0,0,0,0,0,0,0,0,0,0,0,0,0,0,0,0,0,0,0,0,1408405849112,0,0,0, ,0,0,0,0,16777216,0,0,0,0,0,0,0,0,0,0,0,16,0,0,0,0,0,0,0,0,0,0,0,0,0,0,0,0,0,0,0,0,0,0,0,0,64436160,-1,0,0,0,0,0,0,0,0,0,0,0,0,0,0,0,0,0,0,0,0,0,0,0,0,0,0,0,0,0,0,0,0,0,0,0,0,0,0,0,0,0,0,0,0,0,0,0,0,0,0,0,0,0,0,0,0,0,0,0,0,0,0,0,0,0,0,0,0,0,0,0,0,0
2014-08-19 00:26:49.742 UTC,0,0,0,0, , , , , , , ,589,0,0,0,0,0,16828069,3544,48808,1456,0,0,0,0,0,0,0,0,0,0,0,0,0,0,0,0,7,7,0,0,4,8,0,0,0,0,0,0,0,0,0,0,0,0,0,0,0,0,0,1067,1,464,464,0,0,0,0,0,0,49,0,0,0,0,0,0,0,0,0,0,0,0,0,0,0,0,0,0,0,0,0,0,0,0,0,0,0,0,0,0,0,0,0,1408405849112,0,0,0, ,0,0,0,0,16777216,0,0,0,0,0,0,0,0,0,0,0,16,0,0,0,0,0,0,0,0,0,0,0,0,0,0,0,0,0,0,0,0,0,0,0,0,67226640,-1,0,0,0,0,0,0,0,0,0,0,0,0,0,0,0,0,0,0,0,0,0,0,0,0,0,0,0,0,0,0,0,0,0,0,0,0,0,0,0,0,0,0,0,0,0,0,0,0,0,0,0,0,0,0,0,0,0,0,0,0,0,0,0,0,0,0,0,0,0,0,0,0,0
2014-08-19 00:27:01.014 UTC, , , , , , , , , , , ,125,0,0,0,0,0,16812901,1856,35560,0,0,0,0,0,0,0,122,7,0,0,0,0,0,0,41,0,8,8,0,2,1,14,67,9,0,0,0,0,0,0,0,0,0,0,0,0,0,0,0,183903,2,181748,181748,1,0,8,16,0,0,74,0,0,0,0,0,0,0,0,0,0,0,0,0,0,0,0,0,0,0,0,0,0,0,0,0,0,0,0, , , , ,7,1408408020591, , , , , , , , ,16777216,0,0,0,20,2,128,2,4,2,0,0,16,3,0,0,0,20,0,4096,1,0,0,0,0,7434240,30,2476,2,0,0,0,0,2,77,6,48,58752168,-1,0,0,0,0,0,0,133,0,0,0,0,0,0,0,0,0,0,0,0,0,0,0,0,0,0,0,0,0,0,0,0,0,0,0,0,0,0,0,0,0,0,0,0,0,0,0,0,0,0, , , , , , , , , , , , , , , , , , , , , , , , 
